Category,Indicator,subTitle,dataType,dataSource,dataSourceYear,description,chartComment,2000,2001,2002,2003,2004,2005,2006,2007,2008,2009,2010,2011,2012,2013,2014,201415,2015,DateUpdated,UpdatedByInitials,Order
Summary Health Measures,Years of Potential Life Lost Before Age 75,,Rate,"Vital Statistics for Philadelphia, Pennsylvania Department of Health",2000-2013,"Years of Potential Life Lost Before Age 75 (YPLL-75) is an age-adjusted rate per 100,000 of the population. It is based on the average years a person would have lived if he or she had not died before age 75.","The methods for calculating premature death have been updated since prior reports, and all data years have been recalculated.",12182.6,12124.4,11865.8,11523.3,11309.6,11359.1,11634.8,11274.3,10548.4,9975.5,9820,9910,9821.6,9037.6,,,,10/21/2016,mlp,1
Summary Health Measures,"Life Expectancy in Years, Male",,Count,"Vital Statistics for Philadelphia, Pennsylvania Department of Health",2000-2013,"Life expectancy at birth is the expected number of years to be lived by someone born at the time of calculation, if mortality at each age remains constant in the future.",,68.7,69.05,69.58,69.81,70.44,70.28,70.14,70.67,71.85,72.14,72.53,71.9,72.28,73.2,,,,10/21/2016,mlp,2
Summary Health Measures,"Life Expectancy in Years, Female",,Count,"Vital Statistics for Philadelphia, Pennsylvania Department of Health",2000-2013,"Life expectancy at birth is the expected number of years to be lived by someone born at the time of calculation, if mortality at each age remains constant in the future.",,76.44,76.63,76.97,77.34,78.04,78.22,78.86,78.93,79.38,79.77,80.18,78.86,79.3,79.3,,,,10/21/2016,mlp,3
Summary Health Measures,"Gap in Life Expectancy at Birth Between Black and White Philadelphians, Male",,Count,"Vital Statistics for Philadelphia, Pennsylvania Department of Health",2006-2013,"The gap in life expectancy at birth between black, non-Hispanic and white, non-Hispanic Philadelphians. The life expectancy for black is subtracted from the life expectancy for white.",,,,,,,,7.6,7.7,7.4,7.7,7.7,5.1,5.9,4.8,,,,12/9/2016,AH,4
Summary Health Measures,"Gap in Life Expectancy at Birth Between Black and White Philadelphians, female",,Count,"Vital Statistics for Philadelphia, Pennsylvania Department of Health",2006-2013,"The gap in life expectancy at birth between black, non-Hispanic and white, non-Hispanic Philadelphians. The life expectancy for black is subtracted from the life expectancy for white.",,,,,,,,4.7,5,5.2,5.7,5.9,3.8,3,2.5,,,,12/9/2016,AH,5
Summary Health Measures,Poor or Fair Health,,Percentage,Public Health Management Corporation (PHMC) Household Health Survey,2000-2014/15,"Percentage of adults who rate their health as ""fair"" or ""poor"" in response to the question, ""In general, would you say that your health is excellent, very good, good, fair, or poor?""",,0.25,,0.26,,0.26,,0.29,,0.28,,0.23,,0.23,,0.24,,,8/29/2016,mlp,6
Tobacco and Alcohol,Adult Smoking Prevalence,,Percentage,Public Health Management Corporation (PHMC) Household Health Survey,2000-2014/15,"Percentage of adults who have smoked at least 100 cigarettes in their lifetime and currently smoke ""every day"" or ""some days.""",,0.26,,0.25,,0.26,,0.26,,0.27,,0.25,,0.23,,0.22,,,8/29/2016,mlp,7
Tobacco and Alcohol,"Teen Smoking Prevalence, 9th-12th Grade",,Percentage,Youth Risk Behavior Survey (YRBS),2001-2015,Percentage of 9th-12th grade students who smoked on at least one day in past 30 days.,,,0.16,,0.14,,,,0.11,,0.11,,0.1,,0.08,,,0.07,9/25/2016,,8
Tobacco and Alcohol,"Smoking-Attributable Mortality Rate per 100,000 People",,Rate,"Vital Statistics for Philadelphia, Pennsylvania Department of Health",2004-2013,"Age-adjusted rate of deaths attributable to smoking per 100,000 adults 35 years and older. This measure is based on CDC's [Smoking-Attributable Mortality, Morbidity, and Economic Costs (SAMMEC)] (https://chronicdata.cdc.gov/Health-Consequences-and-Costs/Smoking-Attributable-Mortality-Morbidity-and-Econo/3kjq-j5dm/data) methodology. For more details: https://www.ncbi.nlm.nih.gov/books/NBK294316/. ","The methods for calculating premature death have been updated since prior reports, and all data years have been recalculated.",,,,,495.5,497.3,491.5,487.8,510.3,505.9,463.6,486.5,471,463.3,,,,10/21/2016,mlp,9
Tobacco and Alcohol,Secondhand Smoke Exposure at Home Among Children,,Percentage,Public Health Management Corporation (PHMC) Household Health Survey,2004-2014/15,Percentage of children under 18 who live with an adult who smokes in the home.,,,,,,0.28,,0.25,,0.23,,0.18,,0.15,,,0.14,,8/29/2016,mlp,10
Tobacco and Alcohol,Adult Binge Drinking,,Percentage,Behavioral Risk Factor Surveillance System (BRFSS),2002-2012,Percentage of adults reporting binge drinking.,"The Centers for Disease Control and Prevention definte binge drinking as drinking 5 or more drinks on an occasion for men or 4 or more drinks on an occasion for women. Binge drinking is no longer being tracked separately and will be combined with heavy drinking beginning in 2014. Please note that data years differ across dimensions for this indicator.
",,,0.15,0.2,0.21,0.15,0.15,0.13,0.15,0.17,0.16,0.25,0.19,,,,,7/19/2016,jtd,11
Tobacco and Alcohol,Adult Excessive Drinking,,Percentage,Behavioral Risk Factor Surveillance System (BRFSS) as reported by County Health Rankings & Roadmaps,2014,Percentage of adults reporting binge or heavy drinking.,"The Centers for Disease Control and Prevention definte binge drinking as drinking 5 or more drinks on an occasion for men or 4 or more drinks on an occasion for women and heavy drinking as drinking 15 or more drinks per week for men, or 8 or more drinks per week for women. Binge drinking is no longer being tracked separately and will be combined with heavy drinking beginning in 2014. Please note that data years differ across dimensions for this indicator.",,,,,,,,,,,,,,,0.19,,,8/19/2016,mlp,12
Tobacco and Alcohol,"Teen Binge Drinking, 9th-12th Grade",,Percentage,Youth Risk Behavior Survey (YRBS),2001-2015,Percentage of 9th-12th grade students who had 5 or more alcoholic drinks in a row within a couple hours on at least one day in past 30 days.,Data is not available for 2005.,,0.14,,0.12,,,,0.14,,0.15,,0.15,,0.14,,,0.11,9/25/1902,,13
Obesity,"Child Obesity Prevalence, 5-18 Years of Age",,Percentage,School District of Philadelphia,2007-2014,"Percentage of children, age 5 to 18 years, enrolled in the School District of Philadelphia (SDP) with a body mass index (BMI) greater than or equal to the 95th percentile for their age and gender group based on 2000 Centers for Disease Control growth charts. BMI data are based on nurse-measured heights and weights.","Data are by school year. For example, 2005 refers to the school year spanning fall 2004 and spring 2005.",,,,,,,,0.22,0.21,0.21,0.21,0.21,0.21,0.2,0.2,,,8/29/2016,mlp,14
Obesity,Adult Obesity Prevalence,,Percentage,Public Health Management Corporation (PHMC) Household Health Survey,2000-2014/15,"Percentage of adults with BMI greater than or equal to 30kg/m2, based on self-reported height and weight.",,0.25,,0.28,,0.26,,0.28,,0.29,,0.32,,0.32,,0.33,,,8/29/2016,mlp,15
Obesity,Adults Drinking 1 or More Sugary Drink Daily,,Percentage,Public Health Management Corporation (PHMC) Household Health Survey,2010-2014/15,"Percentage of adults who drank soda, sweetened fruit drinks, and/or bottled teas at least once a day for past 30 days. Respondents were instructed ""do not include diet soda/drinks.""
",,,,,,,,,,,,0.37,,0.35,,,0.32,,8/29/2016,mlp,16
Obesity,"Teens Drinking 1 or More Soda Daily, 9th-12th Grade",,Percentage,Youth Risk Behavior Survey (YRBS),2007-2015,"Percentage of 9th-12th grade students who drank soda at least once a day for past 30 days. Respondents were instructed ""Do not count diet soda or diet pop.""
","Examples provided to respondents included Coke, Pepsi, and Sprite.",,,,,,,,0.31,,0.28,,0.25,,0.24,,,0.22,9/25/2016,mlp,17
Cardiovascular Disease and Diabetes,"Premature Cardiovascular Disease (CVD) Mortality Rate per 100,000 People",,Rate,"Vital Statistics for Philadelphia, Pennsylvania Department of Health",2000-2013,"Age-adjusted rate per 100,000 persons of CVD deaths to persons under 65 years of age.",,66.1,67.7,65.3,62,60.3,61.9,62,62.3,57.7,56.3,56.2,55.9,51.5,59.6,,,,10/21/2016,mlp,18
Cardiovascular Disease and Diabetes,Adult Hypertension Prevalence,,Percentage,Public Health Management Corporation (PHMC) Household Health Survey,2000-2014/15,Percentage of adults who have been told by a doctor or other health professional that they have high blood pressure or hypertension. Excludes respondents with a history of gestational hypertension only.,,0.31,,0.33,,0.3,,0.34,,0.36,,0.36,,0.38,,,0.38,,8/29/2016,mlp,19
Cardiovascular Disease and Diabetes,Adult Diabetes Prevalence,,Percentage,Public Health Management Corporation (PHMC) Household Health Survey,2000-2014/15,Percentage of adults who have been told by a doctor or other health professional that they have or have had diabetes. Excludes respondents with a history of gestational diabetes only.,,0.09,,0.1,,0.11,,0.12,,0.13,,0.13,,0.16,,,0.15,,8/29/2016,mlp,20
HIV,"New HIV Diagnoses per 100,000 People",,Rate,"AIDS Activities Coordinating Office, Philadelphia Department of Public Health",2006-2015,"Rate of new HIV diagnoses per 100,000 of the population.",,,,,,,,61.21,59.89,60.88,58.85,47.84,44.23,47.84,44.17,,37.09,35.26,9/19/2016,mlp,21
HIV,New HIV Diagnoses from Male-to-Male Sexual Contact,,Count,"AIDS Activities Coordinating Office, Philadelphia Department of Public Health",2006-2015,Count of new HIV diagnoses from male-to-male sexual contact.,,,,,,,,252,281,305,333,305,286,300,332,291,,304,8/30/2016,mlp,22
HIV,New HIV Diagnoses from Heterosexual Contact,,Count,"AIDS Activities Coordinating Office, Philadelphia Department of Public Health",2006-2015,Count of new HIV diagnoses from heterosexual contact.,Data not available for Heterosexual Contact for 2009.,,,,,,,459,547,447,,316,313,313,250,225,,189,8/30/2016,mlp,23
HIV,New HIV Diagnoses from Injection Drug Use,,Count,"AIDS Activities Coordinating Office, Philadelphia Department of Public Health",2006-2015,Count of new HIV diagnoses from injection drug use.,,,,,,,,209,150,127,103,76,70,83,40,40,,30,8/30/2016,mlp,24
HIV,Retention in HIV/AIDS Care,,Percentage,"AIDS Activities Coordinating Office, Philadelphia Department of Public Health",2011-2015,"Percentage of persons living with diagnosed HIV having had 2 or more CD4 or viral load test results, at least 3 months apart, during a 12 month period.",,,,,,,,,,,,,0.45,0.47,0.47,0.47,,0.5,8/30/2016,mlp,25
HIV,Viral Suppression,,Percentage,"AIDS Activities Coordinating Office, Philadelphia Department of Public Health",2011-2015,"Percentage of persons diagnosed living with HIV, who were alive at year end and had a viral load < 200 at most recent test. Persons diagnosed living with HIV whose viral load was not assessed were considered unsuppressed.",,,,,,,,,,,,,0.46,0.5,0.51,0.51,,0.54,8/30/2016,mlp,26
HIV,"Adults Never Tested for HIV, 18-39 Years of Age",,Percentage,Public Health Management Corporation (PHMC) Household Health Survey,2000-2014/15,"Percentage of adults, age 18-39 years old, reporting ""never"" to the question, ""The next question is about the test for HIV, the virus that causes AIDS. About how long has it been since you last had a test for HIV? Would you say one year or less, more than one year, up to two years, more than 2 years, or never?""",,0.37,,0.36,,0.35,,0.29,,0.26,,0.24,,0.23,,,0.26,,8/29/2016,mlp,27
Teen Sexual Health,"Teens Who Are Currently Sexually Active, 9th-12th Grade",,Percentage,Youth Risk Behavior Survey (YRBS),2001-2015,Percentage of 9th-12th grade students who reported having had sexual intercourse during the past 3 months.,Data are not available for 2005.,,0.42,,0.48,,,,0.45,,0.47,,0.45,,0.38,,,0.37,7/1/2016,mlp,28
Teen Sexual Health,"Teens Who Used Condom with Last Sexual Encounter, 9th-12th Grade",,Percentage,Youth Risk Behavior Survey (YRBS),2001-2015,Percentage of sexually active 9th-12th grade students who reported using a condom during the most recent sexual intercourse. Respondents are considered sexually active if they report intercourse with at least one person in the three months preceding the survey.,Data are not available for 2005.,,0.64,,0.7,,,,0.64,,0.63,,0.6,,0.58,,,0.56,7/1/2016,mlp,29
Teen Sexual Health,"Teens Who Used Birth Control with Last Sexual Encounter, 9th-12th Grade",,Percentage,Youth Risk Behavior Survey (YRBS),2001-2015,Percentage of sexually active 9th-12th grade students who used some form of birth control during the most recent sexual intercourse. Respondents are considered sexually active if they report intercourse with at least one person in the three months preceding the survey.,Data are not available for 2005.,,0.84,,0.85,,,,0.81,,0.81,,0.79,,0.79,,,0.83,7/1/2016,mlp,30
Teen Sexual Health,"Teen Births per 1,000 Teen Girls, 15-19 Years of Age",,Rate,"Vital Statistics for Philadelphia, Pennsylvania Department of Health",2003-2013,"Birth rate per 1,000 teen girls age 15-19 years.",,,,,59.1,57.9,58.5,59.8,59.5,57.1,53.7,50.5,49.1,47.2,38.4,,,,10/21/2016,mlp,31
Teen Sexual Health,"Teen Chlamydia Rate per 100,000 Teens, 15-19 Years of Age",,Rate,"Division of Disease Control, Philadelphia Department of Public Health",2000-2015,"Diagnosed chlamydia infection rate per 100,000 teens age 15-19 years.",,4785,4747,5272.8,6707.3,6146.3,5823.8,6325.2,6363.1,6484.1,7000.8,7024.7,7014.6,6610.5,5916.5,5135.38,,4836.98,9/19/2016,mlp,32
Teen Sexual Health,"Teen Gonorrhea Rate per 100,000 Teens, 15-19 Years of Age",,Rate,"Division of Disease Control, Philadelphia Department of Public Health",2000-2015,"Diagnosed gonorrhea infection rate per 100,000 teens age 15-19 years.",,2073.2,2044.2,2015.3,1598,1332.4,1389.3,1315.3,1377.6,1414.6,1392,1798,1966.2,1834.4,1418.6,1235.03,,1217.28,9/19/2016,mlp,33
Maternal and Infant Health,"Infant Mortality Rate per 1,000 Live Births",,Rate,"Vital Statistics for Philadelphia, Pennsylvania Department of Health",2000-2013,"Mortality rate per 1,000 live-born infants under one year of age.",,10.3,10.8,10.6,10.7,10.5,11.3,11.2,11.4,10,9.8,10.7,9.3,10.1,8.2,,,,10/21/2016,mlp,34
Maternal and Infant Health,Low Birth Weight Births,,Percentage,"Vital Statistics for Philadelphia, Pennsylvania Department of Health",2009-2013,"Percentage of live-born infants weighing less than 2,500 grams - or 5 pounds 8 ounces - at birth.",,,,,,,,,,,0.11,0.11,0.11,0.1,0.11,,,,10/21/2016,mlp,35
Maternal and Infant Health,Late or No Prenatal Care,,Percentage,"Vital Statistics for Philadelphia, Pennsylvania Department of Health",2003-2013,"Percentage of women who received prenatal care either in the third trimester or not at all, out of all women giving birth within the year, for whom the timing of prenatal care is known.",,,,,0.12,0.12,0.12,0.13,0.13,0.14,0.16,0.16,0.13,0.12,0.14,,,,10/21/2016,mlp,36
Maternal and Infant Health,Breastfeeding Initiation,,Percentage,"Vital Statistics for Philadelphia, Pennsylvania Department of Health",2009-2013,"Percentage of women initiating breastfeeding before hospital discharge, out of all women for whom breastfeeding status is known.","The methods for calculating breastfeeding initiation have been updated since prior reports, and all data years have been recalculated.",,,,,,,,,,0.62,0.6,0.62,0.67,0.71,,,,10/21/2016,mlp,37
Child Health,"Children Up to Date on Immunizations, 19-35 Months of Age",,Percentage,"Division of Disease Control, Philadelphia Department of Public Health",2000-2015,"Percentage of children, age 19-35 months, who have completed the recommended vaccination schedule 4:3:1:3 (DTaP : IPV : MMR : Hib).",,0.45,0.53,0.63,0.67,0.66,0.67,0.71,0.67,0.65,0.69,0.75,0.75,0.8,0.8,0.78,,0.76,9/19/2016,mlp,38
Child Health,"Asthma Hospitalization Rate per 10,000 Children, < 18 Years of Age",,Rate,Pennsylvania Health Care Cost Containment Council,2000-2014,"Age-adjusted rate of hospital discharges with a primary diagnosis of asthma per 100,000 children under 18 years of age.","The methods for calculating asthma hospitalization have been updated since prior reports, and all data years have been recalculated.",73.6,87.9,81,98.1,84,79.9,90.2,94,85.3,71.2,94.6,98.8,97.1,85.6,,71,,9/25/1902,,39
Child Health,"Newly Identified Elevated Blood Lead Levels (5-9 mcg/dL) in Children, < 6 Years of Age",,Percentage,"Pennsylvania's National Electronic Disease Surveillance System (PA-NEDSS), as reported by Environmental Health Services, Philadelphia Department of Public Health",2006-2015,"Percentage of children, 0-5 years old, with newly identified blood lead levels (BLLs) from 5-9 mcg/dL using any blood specimens for screening.",,,,,,,,0.24,0.18,0.14,0.1,0.09,0.06,0.06,0.06,0.06,,0.05,8/22/2016,mlp,40
Child Health,"Newly Identified Elevated Blood Lead Levels (10+ mcg/dL) in Children, < 6 Years of Age",,Percentage,"Pennsylvania's National Electronic Disease Surveillance System (PA-NEDSS), as reported by Environmental Health Services, Philadelphia Department of Public Health",2006-2015,"Percentage of children, 0-5 years old, with newly identified blood lead levels (BLLs) at or above 10 mcg/dL using any blood specimens for screening.",,,,,,,,0.08,0.04,0.03,0.03,0.02,0.02,0.02,0.02,0.02,,0.01,8/22/2016,mlp,41
Child Health,"Pedestrian and Bicycle Crashes per 100,000 Children, < 18 Years of Age",,Rate,Pennsylvania Department of Transportation,2011-2015,"Rate of pedestrian and bicyclist crashes involving motor vehicles per 100,000 children under 18.",,,,,,,,,,,,,644.8,633.2,668.9,608.9,,598,11/9/2016,AH,42
Child Health,"Child Mortality Rate per 100,000 Children, < 18 Years of Age",,Rate,"Vital Statistics for Philadelphia, Pennsylvania Department of Health",2000-2013,"Age-adjusted mortality rate per 100,000 children under 18 years of age.",See PDPH Vital Statistics Reports for causes of death by age: http://www.phila.gov/health/commissioner/VitalStatistics.html,86,92,89,84.4,89.2,91.1,87.5,95,82.7,77.2,78.8,65.5,78.6,63.9,,,,10/21/2016,mlp,43
Access to Care,"Adults Without Insurance, 18-64 Years of Age",,Percentage,Public Health Management Corporation (PHMC) Household Health Survey,2000-2014/15,"Percentage of adults, age 18-64 years old, reporting no source of insurance.",,0.1,,0.13,,0.14,,0.14,,0.16,,0.16,,0.19,,,0.12,,8/29/2016,mlp,44
Access to Care,"Children Without Insurance, Over 18 Years of Age",,Percentage,Public Health Management Corporation (PHMC) Household Health Survey,2000-2014/15,Percentage of children under 18 for whom no source of insurance is reported by adult proxy.,,0.04,,0.05,,0.07,,0.06,,0.05,,0.05,,0.05,,,,,8/29/2016,mlp,45
Access to Care,"Adults Covered by Medicaid, 18-64 Years of Age",,Percentage,Public Health Management Corporation (PHMC) Household Health Survey,2000-2014/15,"Percentage of adults, age 18-64 years, reporting insurance coverage through Medicaid, Medical Assistance (M.A.), HealthChoices, or Access Card.",,0.18,,0.16,,0.16,,0.17,,0.19,,0.19,,0.2,,,,,8/29/2016,mlp,46
Access to Care,"Adults Forgoing Care Due to Cost, 18-64 Years of Age",,Percentage,Public Health Management Corporation (PHMC) Household Health Survey,2000-2014/15,"Percentage of adults, age 18-64 years, answering ""yes"" to the question, ""In the past year, has there been any time when you were sick or injured AND did not seek health care because of the cost?""",,0.1,,,,0.13,,0.14,,0.17,,0.16,,0.19,,,,,8/29/2016,mlp,47
Access to Care,"Ambulatory Care Sensitive Hospitalization Rate per 100,000 People, < 75 Years of Age",,Rate,Pennsylvania Health Care Cost Containment Council,2005-2014,"Age-adjusted rate per 100,000 persons for conditions where appropriate ambulatory care prevents or reduces the need for admission to the hospital, for population under 75 years of age. ","The methods for calculating ambulatory care sensitive hospitalizations have been updated since prior reports, and all data years have been recalculated.",,,,,,1519.5,1612.3,1640.4,1612.2,1550.2,1395.5,1345.4,1268.5,1212,,,,9/25/1902,,48
Access to Care,"Children with Dental Visit in Past Year, 3-17 Years of Age",,Percentage,Public Health Management Corporation (PHMC) Household Health Survey,2000-2014/15,"Percentage of children, age 3-17 years, for whom adult proxy reported dental visit in past 12 months.",,0.72,,0.79,,0.79,,0.82,,0.84,,0.87,,0.82,,,,,8/29/2016,mlp,49
Cancer Screening and Prevention,"Cancer Mortality per 100,000 People",,Rate,"Vital Statistics for Philadelphia, Pennsylvania Department of Health",2000-2013,"Age-adjusted rate of cancer deaths per 100,000 persons.",,249.7,250.3,240.3,243.3,231.3,222.8,228.1,223.1,211.8,219.1,203.3,214.7,206.8,197.2,,,,10/21/2016,mlp,50
Cancer Screening and Prevention,"Adults with Colonoscopy or Sigmoidoscopy in Lifetime, 50-74 Years of Age",,Percentage,Public Health Management Corporation (PHMC) Household Health Survey,2002-2014/15,"Percentage of adults, age 50-74 years, reporting ever having had a colonoscopy or sigmoidoscopy.",,,,0.55,,0.52,,0.59,,0.64,,0.68,,0.75,,,,,8/29/2016,mlp,51
Cancer Screening and Prevention,"Women with Mammography in Past 2 Years, 50-74 Years of Age",,Percentage,Public Health Management Corporation (PHMC) Household Health Survey,2000-2014/15,"Percentage of women, age 50-74 years, reporting having had a mammogram in the past 2 years.",,0.84,,0.84,,0.83,,0.81,,0.82,,0.83,,0.83,,,,,8/29/2016,mlp,52
Cancer Screening and Prevention,"Girls Completing 3-Dose HPV Vaccine, 13-17 Years of Age",,Percentage,"Division of Disease Control, Philadelphia Department of Public Health",2008-2015,"Percentage of girls, age 13-17 years, who received 3 doses of HPV vaccine out of all girls 13-17 years in the population.","Data are based on local reporting of immunizations provided by clinicians, and some underreporting for adolescents may occur.",,,,,,,,,0.08,0.14,0.18,0.21,0.38,0.42,,,0.54,9/19/2016,mlp,53
Environmental Health,Food Establishments in Compliance with Food Safety Regulations Upon Initial Annual Inspection,,Percentage,"Environmental Health Services, Philadelphia Department of Public Health",2010-2015,Percentage of food establishments in compliance with food safety regulations upon initial annual inspection by the Philadelphia Department of Public Health.,Data are by fiscal year.,,,,,,,,,,,0.36,0.35,0.39,0.59,,,0.51,11/30/2016,mlp,54
Environmental Health,"Rat Complaints per 10,000 People",,Rate,"Environmental Health Services, Philadelphia Department of Public Health",2011-2015,"Rate of rat complaint calls to the Philadelphia Department of Public Health per 10,000 residents.","The methods for calculating rat complaints per 10,000 people have been updated slightly since prior reports, and all data years have been recalculated.",,,,,,,,,,,,19.13,18.58,19.08,,,17.25,10/21/2016,AH,55
Environmental Health,Days with Good Air Quality,,Count,"United States Environmental Protection Agency (EPA) AMP410S report dated 6/28/16, as reported by Air Management Services, Philadelphia Department of Public Health",2000-2015,"Number of days of the year with Air Quality Index (AQI) levels of 0-50, wherein air quality is considered satisfactory and air pollution poses little or no risk. AQI is a scale from 0 to 500, reflecting measures of ground-level ozone, particulate matter, carbon monoxide, sulfur dioxide, and nitrogen dioxide.",The reporting is based on 2015 Environmental Protection Agency standards.,137,98,121,142,134,148,147,136,128,183,171,155,135,166,,,177,9/19/2016,mlp,56
Environmental Health,Days with Moderate Air Quality,,Count,"United States Environmental Protection Agency (EPA) AMP410S report dated 6/28/16, as reported by Air Management Services, Philadelphia Department of Public Health",2000-2015,"Number of days of the year with Air Quality Index (AQI) levels of 51-150, wherein air quality is considered acceptable but may be unhealthy for sensitive groups. AQI is a scale from 0 to 500, reflecting measures of ground-level ozone, particulate matter, carbon monoxide, sulfur dioxide, and nitrogen dioxide.",The reporting is based on 2015 Environmental Protection Agency standards.,200,214,183,184,200,177,174,189,210,174,166,190,203,189,,,172,,,57
Environmental Health,Days with Unhealthy Air Quality,,Count,"United States Environmental Protection Agency (EPA) AMP410S report dated 6/28/16, as reported by Air Management Services, Philadelphia Department of Public Health",2000-2015,"Number of days of the year with Air Quality Index (AQI) levels of 151-500, wherein air quality is considered “unhealthy to sensitive people” to “hazardous”, and everyone may begin to experience some adverse health effects.  AQI is a scale from 0 to 500, reflecting measures of ground-level ozone, particulate matter, carbon monoxide, sulfur dioxide, and nitrogen dioxide.",The reporting is based on 2015 Environmental Protection Agency standards.,29,53,61,39,32,40,44,40,28,8,28,20,28,10,,,16,,,58
Environmental Health,"Philadelphia Building Construction and Occupancy Code Violations per 1,000 Occupied Housing Units",,Rate,City of Philadelphia Licenses and Inspections,2007-2015,"Rate of Philadelphia Building Construction and Occupancy Code violations per 1,000 occupied housing units. Violations are based on follow-up inspections to complaints filed through Philly 311.",,,,,,,,,199.2,218.9,164.7,164.8,180.3,181.7,182.9,,,185.4,10/13/2016,AH,59
Violence,"Violent Crime Rate per 100,000 People",,Rate,FBI Uniform Crime Reports,2000-2014,"Rate per 100,000 persons of reported violent crimes, including murders and non-negligent manslaughters, forcible rapes, robberies, and aggravated assaults.",,1503.2,1409.7,1315.9,1378.4,1408.3,1467.1,1562.5,1475.4,1441.3,1238.2,1214.6,1193.3,1160.1,1099.3,,,,8/22/2016,mlp,60
Violence,"Homicide Mortality Rate per 100,000 People",,Rate,"Medical Examiner's Office, Philadelphia Department of Public Health",2003-2015,"Rate of homicide deaths per 100,000 persons.",,,,,22,21.2,24,25.2,24.4,21.2,19.5,19.1,20.5,21.2,15.5,,,17.8,9/20/2016,mlp,61
Violence,"Firearm Homicide Rate per 100,000 People",,Rate,"Medical Examiner's Office, Philadelphia Department of Public Health",2003-2015,"Rate of intentional deaths by discharge of firearm per 100,000 persons.",,,,,19.4,18.8,21.5,23.9,22.6,19,17.3,16.8,18.5,19,13.6,,,16.2,9/20/2016,mlp,62
Mental Health and Substance Abuse,"Suicide Mortality Rate per 100,000 People",,Rate,"Vital Statistics for Philadelphia, Pennsylvania Department of Health",2000-2013,"Age-adjusted rate of deaths by intentional self-harm per 100,000 persons.",,10.6,9.2,10.5,10.9,10.1,10.8,9,8.7,11.7,10,9.5,10.1,10.7,9.5,,,,10/21/2016,mlp,63
Mental Health and Substance Abuse,"Teens Considering Suicide in Past Year, 9th-12th grade",,Percentage,Youth Risk Behavior Surveillance System,2001-2015,Percentage of 9th-12th grade students who seriously considered attempting suicide in past 12 months.,,,0.17,,0.14,,,,0.15,,0.14,,0.14,,0.13,,,0.14,9/25/2016,mlp,64
Mental Health and Substance Abuse,Adults with Diagnosed Mental Health Condition,,Percentage,Public Health Management Corporation (PHMC) Household Health Survey,2000-2014/15,"Percentage of adults answering ""yes"" to the question, ""Have you ever been diagnosed with any mental health condition, including clinical depression, anxiety disorder or bipolar disorder?""",,0.11,,0.13,,0.13,,0.14,,0.12,,0.16,,0.2,,,,,8/29/2016,mlp,65
Mental Health and Substance Abuse,"Opioid-Related Mortality Rate per 100,000 People",,Rate,"Medical Examiner's Office, Philadelphia Department of Public Health",2003-2015,"Rate of deaths per 100,000 persons that were determined by the medical examiner to be caused by drug/medication overdose and for which a toxicology test was positive for an opioid.","Opioids include heroin, morphine, methadone, and all prescriptions opioids such as codeine, hydrocodone, and oxycodone.",,,,14,16.5,17.7,27.3,17.4,20.3,17.5,18.6,23.1,25.2,21,28.4,,32.7,9/20/2016,mlp,66
Built Environment,Low-to-no Walkable Access to Healthy Foods and High Poverty,,Percentage,"Get Healthy Philly, Philadelphia Department of Public Health",2010-2014,Percentage of population living in high-poverty areas with low-to-no walkable access to healthy foods as assessed in PDPH's [Food Access Report](http://www.phila.gov/health/pdfs/WalkableAccessHealthyFood20122014.pdf).,,,,,,,,,,,,0.24,,0.2,,,0.22,,7/22/2016,AH,67
Built Environment,Access to Nearby Parks or Outdoor Space,,Percentage,Public Health Management Corporation (PHMC) Household Health Survey,2012 - 2014/15,"Percentage of adults responding yes to the question, “Is there a park or other outdoor space in your neighborhood that you’re comfortable visiting during the day?” ",,,,,,,,,,,,,,0.72,,,0.73,,8/29/2016,mlp,68
Built Environment,"Pedestrian and Bicycle Crashes per 100,000 People",,Rate,Pennsylvania Department of Transportation,2011-2015,"Rate of pedestrian and bicyclist crashes involving motor vehicles per 100,000 persons.",,!,,,,,,,,,,,145.2,142.6,148.6,135.2,,132.2,11/9/2016,AH,69
Social Determinants of Health,Advanced or Proficient Reading Skills in 3rd Grade,,Percentage,School District of Philadelphia,2006-2014,Percentage of 3rd graders who score at the advanced or proficient levels of English Language Arts (ELA) as assessed by the Pennsylvania System of School Assessment (PSSA) standardized test.,"Data are by school year. For example, 2005 refers to the school year spanning fall 2004 and spring 2005. ",,,,,,,0.37,0.42,0.47,0.54,0.52,0.58,0.45,0.45,0.41,,,11/23/2016,mlp,70
Social Determinants of Health,Advanced or Proficient Reading Skills and English Language Arts (ELA) Achievemet in 3rd Grade,,Percentage,School District of Philadelphia,2015,Percentage of 3rd graders who score at the advanced or proficient levels of English Language Arts (ELA) as assessed by the Pennsylvania System of School Assessment (PSSA) standardized test.,"Data are by school year. For example, 2005 refers to the school year spanning fall 2004 and spring 2005. This is a new exam, beginning in 2015, so data from prior years is not comparable.",,,,,,,,,,,,,,,,,0.3334554446,12/2/2016,AH,71
Social Determinants of Health,On-Time High School Graduation,,Percentage,School District of Philadelphia as reported by The Notebook,2010-2015,Percentage of all students who graduate from high school within four years after starting 9th grade.,"Data are by school year. For example, 2005 refers to the school year spanning fall 2004 and spring 2005.",,,,,,,,,,,0.6,0.63,0.66,0.65,0.65,,0.65,7/18/2016,jtd,72
Social Determinants of Health,"Adults Completing Some College, 25 Years of Age or Older",,Percentage,"US Census Bureau, American Community Survey, 1-year estimates",2000-2015,"Percentage of adults, 25 years or older, who completed at least some college.",Please note that data years differ across dimensions for this indicator.,0.38,,,,,0.37,0.4,0.43,0.43,0.46,0.44,0.47,0.47,0.48,0.48,,0.5,7/25/2016,jtd,73
Social Determinants of Health,"Unemployment, 16 Years of Age or Older",,Percentage,"Bureau of Labor Statistics, Local Area Unemployment Statistics - Annual Averages (County data)",2000-2015,"Percentage of population, 16 years or older, who are unemployed but seeking work.",Please note that data sources and years differ across dimensions for this indicator.,0.06,0.06,0.07,0.08,0.07,0.07,0.06,0.06,0.07,0.1,0.11,0.11,0.11,0.1,0.08,,0.07,8/19/2016,mlp,74
Social Determinants of Health,Philadelphians Living in Poverty,,Percentage,"US Census Bureau, American Community Survey, 1-year estimates",2000-2015,"Percentage of population, including all ages, living in a household with an income below 100% of the federal poverty level (FPL).","In 2015, the FPL was equivalent to a yearly income of no more than $11,770 for an individual, or $24,250 for a family of 4. Please note that data years differ across dimensions for this indicator.",0.23,,,,,0.25,0.25,0.24,0.24,0.25,0.27,0.28,0.27,0.26,0.26,,0.26,7/25/2016,jtd,75
Social Determinants of Health,"Children Living in Poverty, Over 18 Years of Age",,Percentage,"US Census Bureau, American Community Survey, 1-year estimates",2000-2015,Percentage of children under 18 with a family income below 100% of the federal poverty level (FPL).,"In 2015, the FPL was equivalent to a yearly income of no more than $11,770 for an individual, or $24,250 for a family of 4. Please note that data years differ across dimensions for this indicator.",0.32,,,,,,0.35,0.35,0.31,0.33,0.36,0.39,0.37,0.36,0.37,,0.38,8/2/2016,jtd,76
Social Determinants of Health,"Children in Single-Parent Households, Over 18 Years of Age",,Percentage,"US Census Bureau, American Community Survey, 1-year estimates",2005-2015,Percentage of all children in family households that live in a household headed by a single parent (male or female head of household with no spouse present).,,,,,,,0.62,0.59,0.55,0.58,0.56,0.59,0.58,0.61,0.58,0.59,,0.6,8/2/2016,jtd,77
Social Determinants of Health,Social Capital,,Percentage,Public Health Management Corporation (PHMC) Household Health Survey,2002-2014/15,"Percentage of adults reporting ""yes"" to, ""Have people in your neighborhood ever worked together to improve the neighborhood? For example, through a neighborhood watch, creating a community garden, building a community playground, or participating in a block party.""",,,,0.71,,0.66,,0.66,,0.67,,0.73,,0.66,,,0.65,,8/29/2016,mlp,78
Social Determinants of Health,Housing-Cost Burden for Renters,,Percentage,"US Census Bureau, American Community Survey, 1-year estimates",2000-2015,Percentage of the household population who pays 30% or more of their income for rental housing.,"According to the US Department of Housing and Urban Development (HUD), families who pay more than 30% of their income for housing are considered cost burdened and may have difficulty affording necessities such as food, clothing, transportation, and medical care.",0.43,,,,,0.52,0.52,0.5,0.5,0.5,0.53,0.53,0.52,0.52,0.53,,0.52,10/19/2016,mlp,79
Social Determinants of Health,Severe Housing-Cost Burden for Renters,,Percentage,"US Census Bureau, American Community Survey, 1-year estimates",2000-2015,Percentage of the household population who pays 50% or more of their income for rental housing.,"According to the US Department of Housing and Urban Development (HUD), families who pay more than 30% of their income for housing are considered cost burdened and may have difficulty affording necessities such as food, clothing, transportation, and medical care.",0.24,,,,,0.31,0.3,0.29,0.29,0.3,0.31,0.33,0.3,0.31,0.3,,0.3,10/19/2016,mlp,80